<?xml version="1.0" encoding="UTF-8" ?>
<adfmf:application xmlns:xsi="http://www.w3.org/2001/XMLSchema-instance" xmlns:adfmf="http://xmlns.oracle.com/adf/mf"
                   version="1.0" name="mafFirstApp" id="com.company.mafFirstApp"
                   appControllerFolder="ApplicationController"
                   listener-class="training.maf.jdev.firstapp.application.LifeCycleListenerImpl">
  <adfmf:deviceFeatureAccess>
    <adfmf:deviceNetwork access="true" id="dn1"/>
  </adfmf:deviceFeatureAccess>
  <adfmf:featureReference id="training.maf.jdev.firstapp.AMX"/>
  <adfmf:featureReference id="training.maf.jdev.firstapp.TaskFlow"/>
  <adfmf:featureReference id="training.maf.jdev.firstapp.LocalHTML"/>
  <adfmf:featureReference id="training.maf.jdev.firstapp.RemoteHTML"/>
  <adfmf:remoteURLWhiteList>
    <adfmf:domain id="d1">insight.co.kr</adfmf:domain>
  </adfmf:remoteURLWhiteList>
</adfmf:application>
