<?xml version="1.0" encoding="UTF-8" ?>
<adfmf:features xmlns:xsi="http://www.w3.org/2001/XMLSchema-instance" xmlns:adfmf="http://xmlns.oracle.com/adf/mf">
  <adfmf:feature id="training.maf.jdev.firstapp.AMX" name="AMX">
    <adfmf:content id="training.maf.jdev.firstapp.AMX.1">
      <adfmf:constraints/>
      <adfmf:amx file="training.maf.jdev.firstapp.AMX/AMX-Helloworld.amx"/>
    </adfmf:content>
  </adfmf:feature>
  <adfmf:feature id="training.maf.jdev.firstapp.TaskFlow" name="TaskFlow">
    <adfmf:content id="training.maf.jdev.firstapp.TaskFlow.1">
      <adfmf:amx file="training.maf.jdev.firstapp.TaskFlow/ViewController-task-flow.xml#ViewController-task-flow"/>
    </adfmf:content>
  </adfmf:feature>
  <adfmf:feature id="training.maf.jdev.firstapp.LocalHTML" name="LocalHTML">
    <adfmf:content id="training.maf.jdev.firstapp.LocalHTML.1">
      <adfmf:localHTML url="training.maf.jdev.firstapp.LocalHTML/Local-Helloworld.html"/>
    </adfmf:content>
  </adfmf:feature>
  <adfmf:feature id="training.maf.jdev.firstapp.RemoteHTML" name="RemoteHTML">
    <adfmf:content id="training.maf.jdev.firstapp.RemoteHTML.1">
      <adfmf:remoteURL connection="InsightCon"/>
    </adfmf:content>
  </adfmf:feature>
</adfmf:features>
